"ID","Work Item Type","Title","Title 1","Title 2","Tags","Description"
"","Epic","Azure WAF — platform readiness and proof of concept","","","azure-waf","Design, validate and prepare the Azure WAF guardrails for rollout. Mirrors the AWS workstream. Milestone: Platform readiness 15.10.2026."
"","Feature","","F1 — Unblock, govern and communicate","","ready; no-sandbox-needed","Everything in this feature is within the team's control and none of it needs sandbox access."
"","User Story","","","Obtain the named sandbox approver and an expected approval date","ready; no-sandbox-needed","Not a chase. Ask the client contact who the approver is, what date they expect, and whether anything is needed from us. Record the name and date on this card."
"","User Story","","","Establish a standing weekly Azure WAF sync (30 minutes)","ready; no-sandbox-needed","No regular meeting currently exists for the Azure workstream. Siva to own and chair. Standing agenda: decisions needed, blockers, progress against this board."
"","User Story","","","Publish the open decisions log and get each decision answered","ready; no-sandbox-needed","Seven design decisions are unanswered. Each carries a proposed default that proceeds if no response by the stated date."
"","User Story","","","Raise the sandbox dependency in the programme risk register","ready; no-sandbox-needed","Currently visible only to Siva. Needs to be a programme dependency with a date, not personal slippage."
"","User Story","","","Hold the design review with the Tech Lead","ready; no-sandbox-needed","HLD, CCoE design proposal, PoC plan and exception design are all unreviewed. 45 minutes, pre-read circulated 48 hours ahead, seven decisions on the agenda."
"","User Story","","","Circulate the Azure design pack to the wider team for comment","ready; no-sandbox-needed","With a named response-by date, not an open invitation."
"","Feature","","F2 — Phase 0 discovery (reader access is sufficient)","","ready; no-sandbox-needed","Produces the baseline figures the design proposal currently marks To Be Confirmed. None of it needs sandbox."
"","User Story","","","Confirm whether a sandbox management group already exists in the tenant","ready; no-sandbox-needed","Portal > Management Groups, using current reader access. Determines whether the request is for subscriptions under an existing structure or for the structure itself."
"","User Story","","","Resource Graph inventory of public HTTP and HTTPS endpoints","ready; no-sandbox-needed","Public IPs, Front Door profiles and custom domains, Application Gateways with public frontends, App Services and Functions with public network access, Container Apps with external ingress, Static Web Apps, storage static websites."
"","User Story","","","Cross-check the inventory against Defender for Cloud external attack surface","ready; no-sandbox-needed",""
"","User Story","","","Classify every in-scope resource against a WAF profile","ready; no-sandbox-needed","web-standard, api-public or critical. Record where the classification is uncertain."
"","User Story","","","Record application ownership for every in-scope endpoint","ready; no-sandbox-needed","Phase 1 cannot start without a named owner per workload."
"","User Story","","","Size the legacy migration backlog","ready; no-sandbox-needed","WAF_v1 gateways, legacy WAF config rather than WAF policy, CRS 3.0/3.1 policies, Front Door classic profiles, and WAFs left in Detection since deployment."
"","User Story","","","Confirm current Front Door Premium pricing and obtain cost acceptance","ready; no-sandbox-needed","Premium is mandatory for managed rules, Bot Manager and Private Link origins. Unpriced cost lines stall access requests."
"","User Story","","","Populate the baseline measures table in the design proposal","ready; no-sandbox-needed","Replaces the To Be Confirmed rows in section 2."
"","Feature","","F3 — Build preparation (no sandbox needed)","","ready; no-sandbox-needed","Code can be written, reviewed and syntax-validated before any environment exists."
"","User Story","","","Verify Azure Policy aliases against the tenant","ready; no-sandbox-needed","az provider show --expand resourceTypes/aliases for Microsoft.Network, Microsoft.Cdn and Microsoft.Web. A wrong alias does not error — the policy silently matches nothing."
"","User Story","","","Finalise the WAF policy Terraform module for Application Gateway","ready; no-sandbox-needed","Baseline, profile inputs, reserved priority bands, managed rule set version as an input parameter so AGC becomes a variant later."
"","User Story","","","Finalise the WAF policy Terraform module for Front Door","ready; no-sandbox-needed","Defaults to DRS 2.1 pending the 2.2 test. Provider documents only 1.1, 2.0 and 2.1 and does not validate the value."
"","User Story","","","Author the custom Azure Policy definitions","ready; no-sandbox-needed","Six custom definitions plus the Microsoft built-ins, assembled into one initiative."
"","User Story","","","Write the Azure DevOps pipeline","ready; no-sandbox-needed","Validate, plan, apply with approval, and the exclusion reconciliation stage."
"","User Story","","","Write the exclusion drift reconciliation script","ready; no-sandbox-needed","Compares applied exclusions against the module output and fails the pipeline on drift."
"","User Story","","","Write the bypass test and synthetic traffic generator","ready; no-sandbox-needed",""
"","User Story","","","Write the Resource Graph exception register queries","ready; no-sandbox-needed","Register, exception debt, unmanaged exemptions, blanket exemptions, compliance substate."
"","User Story","","","Peer review the code bundle","ready; no-sandbox-needed","Ask the AWS side to review — they have been through the equivalent and the review costs them an hour."
"","Feature","","F4 — Environment build","","blocked; needs-sandbox",""
"","User Story","","","Bootstrap the Terraform state backend","blocked; needs-sandbox",""
"","User Story","","","Create the Azure DevOps project, repository and service connections","blocked; needs-sandbox","Contributor on each subscription, Resource Policy Contributor at the test management group."
"","User Story","","","Deploy the central Log Analytics workspace","blocked; needs-sandbox",""
"","User Story","","","Deploy the test application","blocked; needs-sandbox",""
"","User Story","","","Apply the policy definitions and initiative in Audit mode","blocked; needs-sandbox",""
"","Feature","","F5 — Guardrail validation (objective 1)","","blocked; needs-sandbox",""
"","User Story","","","Confirm the compliance picture matches the deliberately non-compliant resources","blocked; needs-sandbox","Watch for a control reporting compliant when it should not — that is a silent alias failure and looks exactly like success."
"","User Story","","","Prove a Deny effect blocks a non-compliant deployment","blocked; needs-sandbox","From both the portal and the pipeline. Capture both error messages and judge whether an engineer could act on them without raising a ticket."
"","User Story","","","Prove DeployIfNotExists remediation restores diagnostic settings","blocked; needs-sandbox",""
"","Feature","","F6 — Module catalogue validation (objective 3)","","blocked; needs-sandbox",""
"","User Story","","","Confirm the deployed policy carries the full baseline","blocked; needs-sandbox",""
"","User Story","","","Prove the priority bands hold","blocked; needs-sandbox","Negative test first: an application rule in the central band must fail the module precondition. Then prove 70-100 coexists with central rules at 10 and 40."
"","User Story","","","Prove per-site policies on one shared gateway","blocked; needs-sandbox","Underpins the shared-ingress cost model."
"","User Story","","","Confirm the static analysis gate fails the build on an insecure change","blocked; needs-sandbox",""
"","Feature","","F7 — Origin lockdown and operating behaviour (objectives 2, 4, 5, 6)","","blocked; needs-sandbox",""
"","User Story","","","Bypass test BEFORE lockdown — establish the baseline","blocked; needs-sandbox","One run proves nothing. The before-and-after pair is the evidence."
"","User Story","","","Enable origin lockdown and re-run the bypass test","blocked; needs-sandbox","Test 4 is the one that matters: a foreign FDID must be refused. Service tag without header validation admits any tenant's Front Door."
"","User Story","","","Test whether DRS 2.2 applies on a Front Door WAF policy","blocked; needs-sandbox","Unresolved. Provider documents only up to 2.1, Microsoft Learn says 2.2 is current, provider does not validate so failure occurs at apply. If it fails, section 5.1 of the design proposal changes."
"","User Story","","","Generate Detection-mode traffic and triage the matches","blocked; needs-sandbox","Confirm blocked versus merely matched before treating anything as a false positive."
"","User Story","","","Apply a narrow attribute-level exclusion through the module","blocked; needs-sandbox",""
"","User Story","","","Prove a rule set version change destroys exclusions and the pipeline catches it","blocked; needs-sandbox","Microsoft documents the reset. What is unproven is that our reconciliation step detects it."
"","User Story","","","Move to Prevention, confirm blocking, and time the rollback","blocked; needs-sandbox","An untested rollback is not a rollback. The duration belongs in the delivery plan."
"","User Story","","","Measure the real rate-limit threshold against the configured value","blocked; needs-sandbox","Front Door counts per edge server, Application Gateway per instance. Corrects section 5.2 with measured behaviour."
"","User Story","","","Write and test the block-rate and policy-tampering detections","blocked; needs-sandbox",""
"","Feature","","F8 — Exception process validation (objective 8)","","blocked; needs-sandbox","Tests the governance, not the WAF. An RBAC separation written in a document is intent; one that has been attempted and refused is a control."
"","User Story","","","V1 — an application team identity must NOT be able to create an exemption","blocked; needs-sandbox","The test that matters. Sign in as that identity, not as yourself. Failure invalidates the governance model rather than needing a config fix."
"","User Story","","","V2 — confirm the compliance state becomes Exempt, not Compliant","blocked; needs-sandbox",""
"","User Story","","","V3 — confirm the exemption covers one control, not all thirteen","blocked; needs-sandbox",""
"","User Story","","","V4 — confirm expiry behaviour","blocked; needs-sandbox","The object persists for the record but stops being honoured. Azure warns nobody."
"","User Story","","","V5 — reconcile the Terraform output against the Resource Graph register","blocked; needs-sandbox",""
"","User Story","","","V6 — confirm no exemptions exist outside the process","blocked; needs-sandbox",""
"","Feature","","F9 — Close out","","blocked; needs-sandbox",""
"","User Story","","","Export measured consumption cost for the PoC period","blocked; needs-sandbox","Replaces the indicative figures in the cost model."
"","User Story","","","Write the findings report against all eight objectives","blocked; needs-sandbox","Record negative results plainly. A finding that a control does not hold is a successful PoC outcome."
"","User Story","","","Update the design proposal and HLD with what the PoC changed","blocked; needs-sandbox",""
"","User Story","","","Draft the application team onboarding runbook","blocked; needs-sandbox","Built from the steps actually performed."
"","User Story","","","Present findings and recommend proceed or proceed-with-changes","blocked; needs-sandbox",""
"","User Story","","","Decommission the sandbox","blocked; needs-sandbox",""
